#Job_ID,Weather File, Model File,@@ts@@,@@sd@@,@@ori@@,@@ins@@,@@ins2@@,@@win_constr@@,@@win_w@@,@@win_x@@,@@overhang@@,@@ach@@,@@heating@@,@@cooling@@
C-0_0_1_0_13_2_5_5_17_0_9_6_7_8,C:\zyyz\ucl\jEPlus_EA_v2.1.0_beta_01\EA_Example_ShoeboxModel_v8.9\cntr_Heathrow_TRY.epw,C:\zyyz\ucl\jEPlus_EA_v2.1.0_beta_01\EA_Example_ShoeboxModel_v8.9\shoebox.idf,4,FullExterior,195,0.10,0.25,Trp LoE (e5=.1) Clr 3mm/13mm Arg,3.6,1.875,1.0,3.5,21.5,28.0
C-0_0_1_0_12_5_5_5_8_0_4_0_7_2,C:\zyyz\ucl\jEPlus_EA_v2.1.0_beta_01\EA_Example_ShoeboxModel_v8.9\cntr_Heathrow_TRY.epw,C:\zyyz\ucl\jEPlus_EA_v2.1.0_beta_01\EA_Example_ShoeboxModel_v8.9\shoebox.idf,4,FullExterior,180,0.25,0.25,Trp LoE (e5=.1) Clr 3mm/13mm Arg,1.8,1.875,0.5,0.5,21.5,25.0
C-0_0_1_0_4_6_5_5_8_0_8_8_2_7,C:\zyyz\ucl\jEPlus_EA_v2.1.0_beta_01\EA_Example_ShoeboxModel_v8.9\cntr_Heathrow_TRY.epw,C:\zyyz\ucl\jEPlus_EA_v2.1.0_beta_01\EA_Example_ShoeboxModel_v8.9\shoebox.idf,4,FullExterior,60,0.30,0.25,Trp LoE (e5=.1) Clr 3mm/13mm Arg,1.8,1.875,0.9,4.5,19.0,27.5
C-0_0_1_0_3_5_5_6_9_0_5_2_8_3,C:\zyyz\ucl\jEPlus_EA_v2.1.0_beta_01\EA_Example_ShoeboxModel_v8.9\cntr_Heathrow_TRY.epw,C:\zyyz\ucl\jEPlus_EA_v2.1.0_beta_01\EA_Example_ShoeboxModel_v8.9\shoebox.idf,4,FullExterior,45,0.25,0.25,Trp LoE (e2=e5=.1) Clr 3mm/13mm Arg,2.0,1.875,0.6,1.5,22.0,25.5
C-0_0_1_0_2_5_5_5_12_0_6_3_7_5,C:\zyyz\ucl\jEPlus_EA_v2.1.0_beta_01\EA_Example_ShoeboxModel_v8.9\cntr_Heathrow_TRY.epw,C:\zyyz\ucl\jEPlus_EA_v2.1.0_beta_01\EA_Example_ShoeboxModel_v8.9\shoebox.idf,4,FullExterior,30,0.25,0.25,Trp LoE (e5=.1) Clr 3mm/13mm Arg,2.6,1.875,0.7,2.0,21.5,26.5
C-3_0_1_0_1_5_4_4_10_0_4_2_9_2,C:\zyyz\ucl\jEPlus_EA_v2.1.0_beta_01\EA_Example_ShoeboxModel_v8.9\2080_Heathrow_a1fi_50_percentile_TRY.epw,C:\zyyz\ucl\jEPlus_EA_v2.1.0_beta_01\EA_Example_ShoeboxModel_v8.9\shoebox.idf,4,FullExterior,15,0.25,0.20,Trp Clr 3mm/13mm Arg,2.2,1.9,0.5,1.5,22.5,25.0
C-3_0_1_0_13_2_5_5_8_0_3_0_7_8,C:\zyyz\ucl\jEPlus_EA_v2.1.0_beta_01\EA_Example_ShoeboxModel_v8.9\2080_Heathrow_a1fi_50_percentile_TRY.epw,C:\zyyz\ucl\jEPlus_EA_v2.1.0_beta_01\EA_Example_ShoeboxModel_v8.9\shoebox.idf,4,FullExterior,195,0.10,0.25,Trp LoE (e5=.1) Clr 3mm/13mm Arg,1.8,1.875,0.4,0.5,21.5,28.0
C-2_0_1_0_1_5_4_5_8_0_5_2_1_3,C:\zyyz\ucl\jEPlus_EA_v2.1.0_beta_01\EA_Example_ShoeboxModel_v8.9\2050_Heathrow_a1fi_50_percentile_TRY.epw,C:\zyyz\ucl\jEPlus_EA_v2.1.0_beta_01\EA_Example_ShoeboxModel_v8.9\shoebox.idf,4,FullExterior,15,0.25,0.20,Trp LoE (e5=.1) Clr 3mm/13mm Arg,1.8,1.9,0.6,1.5,18.5,25.5
C-1_0_1_0_1_2_2_5_8_0_10_0_1_2,C:\zyyz\ucl\jEPlus_EA_v2.1.0_beta_01\EA_Example_ShoeboxModel_v8.9\2030_Heathrow_a1fi_50_percentile_TRY.epw,C:\zyyz\ucl\jEPlus_EA_v2.1.0_beta_01\EA_Example_ShoeboxModel_v8.9\shoebox.idf,4,FullExterior,15,0.10,0.10,Trp LoE (e5=.1) Clr 3mm/13mm Arg,1.8,1.95,1.1,0.5,18.5,25.0
C-2_0_1_0_14_5_5_5_3_0_0_8_7_10,C:\zyyz\ucl\jEPlus_EA_v2.1.0_beta_01\EA_Example_ShoeboxModel_v8.9\2050_Heathrow_a1fi_50_percentile_TRY.epw,C:\zyyz\ucl\jEPlus_EA_v2.1.0_beta_01\EA_Example_ShoeboxModel_v8.9\shoebox.idf,4,FullExterior,210,0.25,0.25,Trp LoE (e5=.1) Clr 3mm/13mm Arg,0.8,1.875,0.1,4.5,21.5,29.0
C-1_0_1_0_8_3_4_5_8_0_4_0_7_9,C:\zyyz\ucl\jEPlus_EA_v2.1.0_beta_01\EA_Example_ShoeboxModel_v8.9\2030_Heathrow_a1fi_50_percentile_TRY.epw,C:\zyyz\ucl\jEPlus_EA_v2.1.0_beta_01\EA_Example_ShoeboxModel_v8.9\shoebox.idf,4,FullExterior,120,0.15,0.20,Trp LoE (e5=.1) Clr 3mm/13mm Arg,1.8,1.9,0.5,0.5,21.5,28.5
C-2_0_1_0_13_5_1_1_0_0_10_8_8_7,C:\zyyz\ucl\jEPlus_EA_v2.1.0_beta_01\EA_Example_ShoeboxModel_v8.9\2050_Heathrow_a1fi_50_percentile_TRY.epw,C:\zyyz\ucl\jEPlus_EA_v2.1.0_beta_01\EA_Example_ShoeboxModel_v8.9\shoebox.idf,4,FullExterior,195,0.25,0.05,Dbl Clr 3mm/6mm Air,0.2,1.975,1.1,4.5,22.0,27.5
C-0_0_1_0_2_5_4_5_8_0_3_0_7_2,C:\zyyz\ucl\jEPlus_EA_v2.1.0_beta_01\EA_Example_ShoeboxModel_v8.9\cntr_Heathrow_TRY.epw,C:\zyyz\ucl\jEPlus_EA_v2.1.0_beta_01\EA_Example_ShoeboxModel_v8.9\shoebox.idf,4,FullExterior,30,0.25,0.20,Trp LoE (e5=.1) Clr 3mm/13mm Arg,1.8,1.9,0.4,0.5,21.5,25.0
C-0_0_1_0_4_4_4_5_0_0_8_7_7_8,C:\zyyz\ucl\jEPlus_EA_v2.1.0_beta_01\EA_Example_ShoeboxModel_v8.9\cntr_Heathrow_TRY.epw,C:\zyyz\ucl\jEPlus_EA_v2.1.0_beta_01\EA_Example_ShoeboxModel_v8.9\shoebox.idf,4,FullExterior,60,0.20,0.20,Trp LoE (e5=.1) Clr 3mm/13mm Arg,0.2,1.9,0.9,4.0,21.5,28.0
C-0_0_1_0_14_5_1_2_8_0_3_5_7_2,C:\zyyz\ucl\jEPlus_EA_v2.1.0_beta_01\EA_Example_ShoeboxModel_v8.9\cntr_Heathrow_TRY.epw,C:\zyyz\ucl\jEPlus_EA_v2.1.0_beta_01\EA_Example_ShoeboxModel_v8.9\shoebox.idf,4,FullExterior,210,0.25,0.05, Dbl Clr 3mm/13mm Arg,1.8,1.975,0.4,3.0,21.5,25.0
C-0_0_1_0_1_5_5_5_8_0_3_1_7_2,C:\zyyz\ucl\jEPlus_EA_v2.1.0_beta_01\EA_Example_ShoeboxModel_v8.9\cntr_Heathrow_TRY.epw,C:\zyyz\ucl\jEPlus_EA_v2.1.0_beta_01\EA_Example_ShoeboxModel_v8.9\shoebox.idf,4,FullExterior,15,0.25,0.25,Trp LoE (e5=.1) Clr 3mm/13mm Arg,1.8,1.875,0.4,1.0,21.5,25.0
